Code;ZIP Code;Country;City;Street;Building;Korpus;staircase;Appt;floor
;188689;Российская Федерация;Ленинградская Обл. п. Кудрово;улица Ленинградская;5;0;1;1;2
;188689;Российская Федерация;Ленинградская Обл. п. Кудрово;улица Ленинградская;5;0;1;2;2
;188689;Российская Федерация;Ленинградская Обл. п. Кудрово;улица Ленинградская;5;0;1;3;2
;188689;Российская Федерация;Ленинградская Обл. п. Кудрово;улица Ленинградская;5;0;1;4;2
;188689;Российская Федерация;Ленинградская Обл. п. Кудрово;улица Ленинградская;5;0;1;5;2
;188689;Российская Федерация;Ленинградская Обл. п. Кудрово;улица Ленинградская;5;0;1;6;3
;188689;Российская Федерация;Ленинградская Обл. п. Кудрово;улица Ленинградская;5;0;1;7;3
;188689;Российская Федерация;Ленинградская Обл. п. Кудрово;улица Ленинградская;5;0;1;8;3
;188689;Российская Федерация;Ленинградская Обл. п. Кудрово;улица Ленинградская;5;0;1;9;3
;188689;Российская Федерация;Ленинградская Обл. п. Кудрово;улица Ленинградская;5;0;1;10;3
;188689;Российская Федерация;Ленинградская Обл. п. Кудрово;улица Ленинградская;5;0;1;11;4
;188689;Российская Федерация;Ленинградская Обл. п. Кудрово;улица Ленинградская;5;0;1;12;4
;188689;Российская Федерация;Ленинградская Обл. п. Кудрово;улица Ленинградская;5;0;1;13;4
;188689;Российская Федерация;Ленинградская Обл. п. Кудрово;улица Ленинградская;5;0;1;14;4
;188689;Российская Федерация;Ленинградская Обл. п. Кудрово;улица Ленинградская;5;0;1;15;4
;188689;Российская Федерация;Ленинградская Обл. п. Кудрово;улица Ленинградская;5;0;1;16;5
;188689;Российская Федерация;Ленинградская Обл. п. Кудрово;улица Ленинградская;5;0;1;17;5
;188689;Российская Федерация;Ленинградская Обл. п. Кудрово;улица Ленинградская;5;0;1;18;5
;188689;Российская Федерация;Ленинградская Обл. п. Кудрово;улица Ленинградская;5;0;1;19;5
;188689;Российская Федерация;Ленинградская Обл. п. Кудрово;улица Ленинградская;5;0;1;20;5
;188689;Российская Федерация;Ленинградская Обл. п. Кудрово;улица Ленинградская;5;0;1;21;6
;188689;Российская Федерация;Ленинградская Обл. п. Кудрово;улица Ленинградская;5;0;1;22;6
;188689;Российская Федерация;Ленинградская Обл. п. Кудрово;улица Ленинградская;5;0;1;23;6
;188689;Российская Федерация;Ленинградская Обл. п. Кудрово;улица Ленинградская;5;0;1;24;6
;188689;Российская Федерация;Ленинградская Обл. п. Кудрово;улица Ленинградская;5;0;1;25;6
;188689;Российская Федерация;Ленинградская Обл. п. Кудрово;улица Ленинградская;5;0;1;26;7
;188689;Российская Федерация;Ленинградская Обл. п. Кудрово;улица Ленинградская;5;0;1;27;7
;188689;Российская Федерация;Ленинградская Обл. п. Кудрово;улица Ленинградская;5;0;1;28;7
;188689;Российская Федерация;Ленинградская Обл. п. Кудрово;улица Ленинградская;5;0;1;29;7
;188689;Российская Федерация;Ленинградская Обл. п. Кудрово;улица Ленинградская;5;0;1;30;7
;188689;Российская Федерация;Ленинградская Обл. п. Кудрово;улица Ленинградская;5;0;1;31;8
;188689;Российская Федерация;Ленинградская Обл. п. Кудрово;улица Ленинградская;5;0;1;32;8
;188689;Российская Федерация;Ленинградская Обл. п. Кудрово;улица Ленинградская;5;0;1;33;8
;188689;Российская Федерация;Ленинградская Обл. п. Кудрово;улица Ленинградская;5;0;1;34;8
;188689;Российская Федерация;Ленинградская Обл. п. Кудрово;улица Ленинградская;5;0;1;35;8
;188689;Российская Федерация;Ленинградская Обл. п. Кудрово;улица Ленинградская;5;0;1;36;9
;188689;Российская Федерация;Ленинградская Обл. п. Кудрово;улица Ленинградская;5;0;1;37;9
;188689;Российская Федерация;Ленинградская Обл. п. Кудрово;улица Ленинградская;5;0;1;38;9
;188689;Российская Федерация;Ленинградская Обл. п. Кудрово;улица Ленинградская;5;0;1;39;9
;188689;Российская Федерация;Ленинградская Обл. п. Кудрово;улица Ленинградская;5;0;1;40;9
;188689;Российская Федерация;Ленинградская Обл. п. Кудрово;улица Ленинградская;5;0;1;41;10
;188689;Российская Федерация;Ленинградская Обл. п. Кудрово;улица Ленинградская;5;0;1;42;10
;188689;Российская Федерация;Ленинградская Обл. п. Кудрово;улица Ленинградская;5;0;1;43;10
;188689;Российская Федерация;Ленинградская Обл. п. Кудрово;улица Ленинградская;5;0;1;44;10
;188689;Российская Федерация;Ленинградская Обл. п. Кудрово;улица Ленинградская;5;0;1;45;10
;188689;Российская Федерация;Ленинградская Обл. п. Кудрово;улица Ленинградская;5;0;1;46;11
;188689;Российская Федерация;Ленинградская Обл. п. Кудрово;улица Ленинградская;5;0;1;47;11
;188689;Российская Федерация;Ленинградская Обл. п. Кудрово;улица Ленинградская;5;0;1;48;11
;188689;Российская Федерация;Ленинградская Обл. п. Кудрово;улица Ленинградская;5;0;1;49;11
;188689;Российская Федерация;Ленинградская Обл. п. Кудрово;улица Ленинградская;5;0;1;50;11
;188689;Российская Федерация;Ленинградская Обл. п. Кудрово;улица Ленинградская;5;0;1;51;12
;188689;Российская Федерация;Ленинградская Обл. п. Кудрово;улица Ленинградская;5;0;1;52;12
;188689;Российская Федерация;Ленинградская Обл. п. Кудрово;улица Ленинградская;5;0;1;53;12
;188689;Российская Федерация;Ленинградская Обл. п. Кудрово;улица Ленинградская;5;0;1;54;12
;188689;Российская Федерация;Ленинградская Обл. п. Кудрово;улица Ленинградская;5;0;1;55;12
;188689;Российская Федерация;Ленинградская Обл. п. Кудрово;улица Ленинградская;5;0;1;56;13
;188689;Российская Федерация;Ленинградская Обл. п. Кудрово;улица Ленинградская;5;0;1;57;13
;188689;Российская Федерация;Ленинградская Обл. п. Кудрово;улица Ленинградская;5;0;1;58;13
;188689;Российская Федерация;Ленинградская Обл. п. Кудрово;улица Ленинградская;5;0;1;59;13
;188689;Российская Федерация;Ленинградская Обл. п. Кудрово;улица Ленинградская;5;0;1;60;13
;188689;Российская Федерация;Ленинградская Обл. п. Кудрово;улица Ленинградская;5;0;1;61;14
;188689;Российская Федерация;Ленинградская Обл. п. Кудрово;улица Ленинградская;5;0;1;62;14
;188689;Российская Федерация;Ленинградская Обл. п. Кудрово;улица Ленинградская;5;0;1;63;14
;188689;Российская Федерация;Ленинградская Обл. п. Кудрово;улица Ленинградская;5;0;1;64;14
;188689;Российская Федерация;Ленинградская Обл. п. Кудрово;улица Ленинградская;5;0;1;65;14
;188689;Российская Федерация;Ленинградская Обл. п. Кудрово;улица Ленинградская;5;0;2;66;1
;188689;Российская Федерация;Ленинградская Обл. п. Кудрово;улица Ленинградская;5;0;2;67;1
;188689;Российская Федерация;Ленинградская Обл. п. Кудрово;улица Ленинградская;5;0;2;68;1
;188689;Российская Федерация;Ленинградская Обл. п. Кудрово;улица Ленинградская;5;0;2;69;1
;188689;Российская Федерация;Ленинградская Обл. п. Кудрово;улица Ленинградская;5;0;2;70;1
;188689;Российская Федерация;Ленинградская Обл. п. Кудрово;улица Ленинградская;5;0;2;71;2
;188689;Российская Федерация;Ленинградская Обл. п. Кудрово;улица Ленинградская;5;0;2;72;2
;188689;Российская Федерация;Ленинградская Обл. п. Кудрово;улица Ленинградская;5;0;2;73;2
;188689;Российская Федерация;Ленинградская Обл. п. Кудрово;улица Ленинградская;5;0;2;74;2
;188689;Российская Федерация;Ленинградская Обл. п. Кудрово;улица Ленинградская;5;0;2;75;2
;188689;Российская Федерация;Ленинградская Обл. п. Кудрово;улица Ленинградская;5;0;2;76;2
;188689;Российская Федерация;Ленинградская Обл. п. Кудрово;улица Ленинградская;5;0;2;77;2
;188689;Российская Федерация;Ленинградская Обл. п. Кудрово;улица Ленинградская;5;0;2;78;2
;188689;Российская Федерация;Ленинградская Обл. п. Кудрово;улица Ленинградская;5;0;2;79;3
;188689;Российская Федерация;Ленинградская Обл. п. Кудрово;улица Ленинградская;5;0;2;80;3
;188689;Российская Федерация;Ленинградская Обл. п. Кудрово;улица Ленинградская;5;0;2;81;3
;188689;Российская Федерация;Ленинградская Обл. п. Кудрово;улица Ленинградская;5;0;2;82;3
;188689;Российская Федерация;Ленинградская Обл. п. Кудрово;улица Ленинградская;5;0;2;83;3
;188689;Российская Федерация;Ленинградская Обл. п. Кудрово;улица Ленинградская;5;0;2;84;3
;188689;Российская Федерация;Ленинградская Обл. п. Кудрово;улица Ленинградская;5;0;2;85;3
;188689;Российская Федерация;Ленинградская Обл. п. Кудрово;улица Ленинградская;5;0;2;86;3
;188689;Российская Федерация;Ленинградская Обл. п. Кудрово;улица Ленинградская;5;0;2;87;4
;188689;Российская Федерация;Ленинградская Обл. п. Кудрово;улица Ленинградская;5;0;2;88;4
;188689;Российская Федерация;Ленинградская Обл. п. Кудрово;улица Ленинградская;5;0;2;89;4
;188689;Российская Федерация;Ленинградская Обл. п. Кудрово;улица Ленинградская;5;0;2;90;4
;188689;Российская Федерация;Ленинградская Обл. п. Кудрово;улица Ленинградская;5;0;2;91;4
;188689;Российская Федерация;Ленинградская Обл. п. Кудрово;улица Ленинградская;5;0;2;92;4
;188689;Российская Федерация;Ленинградская Обл. п. Кудрово;улица Ленинградская;5;0;2;93;4
;188689;Российская Федерация;Ленинградская Обл. п. Кудрово;улица Ленинградская;5;0;2;94;4
;188689;Российская Федерация;Ленинградская Обл. п. Кудрово;улица Ленинградская;5;0;2;95;5
;188689;Российская Федерация;Ленинградская Обл. п. Кудрово;улица Ленинградская;5;0;2;96;5
;188689;Российская Федерация;Ленинградская Обл. п. Кудрово;улица Ленинградская;5;0;2;97;5
;188689;Российская Федерация;Ленинградская Обл. п. Кудрово;улица Ленинградская;5;0;2;98;5
;188689;Российская Федерация;Ленинградская Обл. п. Кудрово;улица Ленинградская;5;0;2;99;5
;188689;Российская Федерация;Ленинградская Обл. п. Кудрово;улица Ленинградская;5;0;2;100;5
;188689;Российская Федерация;Ленинградская Обл. п. Кудрово;улица Ленинградская;5;0;2;101;5
;188689;Российская Федерация;Ленинградская Обл. п. Кудрово;улица Ленинградская;5;0;2;102;5
;188689;Российская Федерация;Ленинградская Обл. п. Кудрово;улица Ленинградская;5;0;2;103;6
;188689;Российская Федерация;Ленинградская Обл. п. Кудрово;улица Ленинградская;5;0;2;104;6
;188689;Российская Федерация;Ленинградская Обл. п. Кудрово;улица Ленинградская;5;0;2;105;6
;188689;Российская Федерация;Ленинградская Обл. п. Кудрово;улица Ленинградская;5;0;2;106;6
;188689;Российская Федерация;Ленинградская Обл. п. Кудрово;улица Ленинградская;5;0;2;107;6
;188689;Российская Федерация;Ленинградская Обл. п. Кудрово;улица Ленинградская;5;0;2;108;6
;188689;Российская Федерация;Ленинградская Обл. п. Кудрово;улица Ленинградская;5;0;2;109;6
;188689;Российская Федерация;Ленинградская Обл. п. Кудрово;улица Ленинградская;5;0;2;110;6
;188689;Российская Федерация;Ленинградская Обл. п. Кудрово;улица Ленинградская;5;0;2;111;7
;188689;Российская Федерация;Ленинградская Обл. п. Кудрово;улица Ленинградская;5;0;2;112;7
;188689;Российская Федерация;Ленинградская Обл. п. Кудрово;улица Ленинградская;5;0;2;113;7
;188689;Российская Федерация;Ленинградская Обл. п. Кудрово;улица Ленинградская;5;0;2;114;7
;188689;Российская Федерация;Ленинградская Обл. п. Кудрово;улица Ленинградская;5;0;2;115;7
;188689;Российская Федерация;Ленинградская Обл. п. Кудрово;улица Ленинградская;5;0;2;116;7
;188689;Российская Федерация;Ленинградская Обл. п. Кудрово;улица Ленинградская;5;0;2;117;7
;188689;Российская Федерация;Ленинградская Обл. п. Кудрово;улица Ленинградская;5;0;2;118;7
;188689;Российская Федерация;Ленинградская Обл. п. Кудрово;улица Ленинградская;5;0;2;119;8
;188689;Российская Федерация;Ленинградская Обл. п. Кудрово;улица Ленинградская;5;0;2;120;8
;188689;Российская Федерация;Ленинградская Обл. п. Кудрово;улица Ленинградская;5;0;2;121;8
;188689;Российская Федерация;Ленинградская Обл. п. Кудрово;улица Ленинградская;5;0;2;122;8
;188689;Российская Федерация;Ленинградская Обл. п. Кудрово;улица Ленинградская;5;0;2;123;8
;188689;Российская Федерация;Ленинградская Обл. п. Кудрово;улица Ленинградская;5;0;2;124;8
;188689;Российская Федерация;Ленинградская Обл. п. Кудрово;улица Ленинградская;5;0;2;125;8
;188689;Российская Федерация;Ленинградская Обл. п. Кудрово;улица Ленинградская;5;0;2;126;8
;188689;Российская Федерация;Ленинградская Обл. п. Кудрово;улица Ленинградская;5;0;2;127;9
;188689;Российская Федерация;Ленинградская Обл. п. Кудрово;улица Ленинградская;5;0;2;128;9
;188689;Российская Федерация;Ленинградская Обл. п. Кудрово;улица Ленинградская;5;0;2;129;9
;188689;Российская Федерация;Ленинградская Обл. п. Кудрово;улица Ленинградская;5;0;2;130;9
;188689;Российская Федерация;Ленинградская Обл. п. Кудрово;улица Ленинградская;5;0;2;131;9
;188689;Российская Федерация;Ленинградская Обл. п. Кудрово;улица Ленинградская;5;0;2;132;9
;188689;Российская Федерация;Ленинградская Обл. п. Кудрово;улица Ленинградская;5;0;2;133;9
;188689;Российская Федерация;Ленинградская Обл. п. Кудрово;улица Ленинградская;5;0;2;134;9
;188689;Российская Федерация;Ленинградская Обл. п. Кудрово;улица Ленинградская;5;0;2;135;10
;188689;Российская Федерация;Ленинградская Обл. п. Кудрово;улица Ленинградская;5;0;2;136;10
;188689;Российская Федерация;Ленинградская Обл. п. Кудрово;улица Ленинградская;5;0;2;137;10
;188689;Российская Федерация;Ленинградская Обл. п. Кудрово;улица Ленинградская;5;0;2;138;10
;188689;Российская Федерация;Ленинградская Обл. п. Кудрово;улица Ленинградская;5;0;2;139;10
;188689;Российская Федерация;Ленинградская Обл. п. Кудрово;улица Ленинградская;5;0;2;140;10
;188689;Российская Федерация;Ленинградская Обл. п. Кудрово;улица Ленинградская;5;0;2;141;10
;188689;Российская Федерация;Ленинградская Обл. п. Кудрово;улица Ленинградская;5;0;2;142;10
;188689;Российская Федерация;Ленинградская Обл. п. Кудрово;улица Ленинградская;5;0;2;143;11
;188689;Российская Федерация;Ленинградская Обл. п. Кудрово;улица Ленинградская;5;0;2;144;11
;188689;Российская Федерация;Ленинградская Обл. п. Кудрово;улица Ленинградская;5;0;2;145;11
;188689;Российская Федерация;Ленинградская Обл. п. Кудрово;улица Ленинградская;5;0;2;146;11
;188689;Российская Федерация;Ленинградская Обл. п. Кудрово;улица Ленинградская;5;0;2;147;11
;188689;Российская Федерация;Ленинградская Обл. п. Кудрово;улица Ленинградская;5;0;2;148;11
;188689;Российская Федерация;Ленинградская Обл. п. Кудрово;улица Ленинградская;5;0;2;149;11
;188689;Российская Федерация;Ленинградская Обл. п. Кудрово;улица Ленинградская;5;0;2;150;11
;188689;Российская Федерация;Ленинградская Обл. п. Кудрово;улица Ленинградская;5;0;2;151;12
;188689;Российская Федерация;Ленинградская Обл. п. Кудрово;улица Ленинградская;5;0;2;152;12
;188689;Российская Федерация;Ленинградская Обл. п. Кудрово;улица Ленинградская;5;0;2;153;12
;188689;Российская Федерация;Ленинградская Обл. п. Кудрово;улица Ленинградская;5;0;2;154;12
;188689;Российская Федерация;Ленинградская Обл. п. Кудрово;улица Ленинградская;5;0;2;155;12
;188689;Российская Федерация;Ленинградская Обл. п. Кудрово;улица Ленинградская;5;0;2;156;12
;188689;Российская Федерация;Ленинградская Обл. п. Кудрово;улица Ленинградская;5;0;2;157;12
;188689;Российская Федерация;Ленинградская Обл. п. Кудрово;улица Ленинградская;5;0;2;158;12
;188689;Российская Федерация;Ленинградская Обл. п. Кудрово;улица Ленинградская;5;0;2;159;13
;188689;Российская Федерация;Ленинградская Обл. п. Кудрово;улица Ленинградская;5;0;2;160;13
;188689;Российская Федерация;Ленинградская Обл. п. Кудрово;улица Ленинградская;5;0;2;161;13
;188689;Российская Федерация;Ленинградская Обл. п. Кудрово;улица Ленинградская;5;0;2;162;13
;188689;Российская Федерация;Ленинградская Обл. п. Кудрово;улица Ленинградская;5;0;2;163;13
;188689;Российская Федерация;Ленинградская Обл. п. Кудрово;улица Ленинградская;5;0;2;164;13
;188689;Российская Федерация;Ленинградская Обл. п. Кудрово;улица Ленинградская;5;0;2;165;13
;188689;Российская Федерация;Ленинградская Обл. п. Кудрово;улица Ленинградская;5;0;2;166;13
;188689;Российская Федерация;Ленинградская Обл. п. Кудрово;улица Ленинградская;5;0;2;167;14
;188689;Российская Федерация;Ленинградская Обл. п. Кудрово;улица Ленинградская;5;0;2;168;14
;188689;Российская Федерация;Ленинградская Обл. п. Кудрово;улица Ленинградская;5;0;2;169;14
;188689;Российская Федерация;Ленинградская Обл. п. Кудрово;улица Ленинградская;5;0;2;170;14
;188689;Российская Федерация;Ленинградская Обл. п. Кудрово;улица Ленинградская;5;0;2;171;14
;188689;Российская Федерация;Ленинградская Обл. п. Кудрово;улица Ленинградская;5;0;2;172;14
;188689;Российская Федерация;Ленинградская Обл. п. Кудрово;улица Ленинградская;5;0;2;173;14
;188689;Российская Федерация;Ленинградская Обл. п. Кудрово;улица Ленинградская;5;0;2;174;14
;188689;Российская Федерация;Ленинградская Обл. п. Кудрово;улица Ленинградская;5;0;3;175;1
;188689;Российская Федерация;Ленинградская Обл. п. Кудрово;улица Ленинградская;5;0;3;176;1
;188689;Российская Федерация;Ленинградская Обл. п. Кудрово;улица Ленинградская;5;0;3;177;1
;188689;Российская Федерация;Ленинградская Обл. п. Кудрово;улица Ленинградская;5;0;3;178;1
;188689;Российская Федерация;Ленинградская Обл. п. Кудрово;улица Ленинградская;5;0;3;179;1
;188689;Российская Федерация;Ленинградская Обл. п. Кудрово;улица Ленинградская;5;0;3;180;2
;188689;Российская Федерация;Ленинградская Обл. п. Кудрово;улица Ленинградская;5;0;3;181;2
;188689;Российская Федерация;Ленинградская Обл. п. Кудрово;улица Ленинградская;5;0;3;182;2
;188689;Российская Федерация;Ленинградская Обл. п. Кудрово;улица Ленинградская;5;0;3;183;2
;188689;Российская Федерация;Ленинградская Обл. п. Кудрово;улица Ленинградская;5;0;3;184;2
;188689;Российская Федерация;Ленинградская Обл. п. Кудрово;улица Ленинградская;5;0;3;185;2
;188689;Российская Федерация;Ленинградская Обл. п. Кудрово;улица Ленинградская;5;0;3;186;3
;188689;Российская Федерация;Ленинградская Обл. п. Кудрово;улица Ленинградская;5;0;3;187;3
;188689;Российская Федерация;Ленинградская Обл. п. Кудрово;улица Ленинградская;5;0;3;188;3
;188689;Российская Федерация;Ленинградская Обл. п. Кудрово;улица Ленинградская;5;0;3;189;3
;188689;Российская Федерация;Ленинградская Обл. п. Кудрово;улица Ленинградская;5;0;3;190;3
;188689;Российская Федерация;Ленинградская Обл. п. Кудрово;улица Ленинградская;5;0;3;191;3
;188689;Российская Федерация;Ленинградская Обл. п. Кудрово;улица Ленинградская;5;0;3;192;4
;188689;Российская Федерация;Ленинградская Обл. п. Кудрово;улица Ленинградская;5;0;3;193;4
;188689;Российская Федерация;Ленинградская Обл. п. Кудрово;улица Ленинградская;5;0;3;194;4
;188689;Российская Федерация;Ленинградская Обл. п. Кудрово;улица Ленинградская;5;0;3;195;4
;188689;Российская Федерация;Ленинградская Обл. п. Кудрово;улица Ленинградская;5;0;3;196;4
;188689;Российская Федерация;Ленинградская Обл. п. Кудрово;улица Ленинградская;5;0;3;197;4
;188689;Российская Федерация;Ленинградская Обл. п. Кудрово;улица Ленинградская;5;0;3;198;5
;188689;Российская Федерация;Ленинградская Обл. п. Кудрово;улица Ленинградская;5;0;3;199;5
;188689;Российская Федерация;Ленинградская Обл. п. Кудрово;улица Ленинградская;5;0;3;200;5
;188689;Российская Федерация;Ленинградская Обл. п. Кудрово;улица Ленинградская;5;0;3;201;5
;188689;Российская Федерация;Ленинградская Обл. п. Кудрово;улица Ленинградская;5;0;3;202;5
;188689;Российская Федерация;Ленинградская Обл. п. Кудрово;улица Ленинградская;5;0;3;203;5
;188689;Российская Федерация;Ленинградская Обл. п. Кудрово;улица Ленинградская;5;0;3;204;6
;188689;Российская Федерация;Ленинградская Обл. п. Кудрово;улица Ленинградская;5;0;3;205;6
;188689;Российская Федерация;Ленинградская Обл. п. Кудрово;улица Ленинградская;5;0;3;206;6
;188689;Российская Федерация;Ленинградская Обл. п. Кудрово;улица Ленинградская;5;0;3;207;6
;188689;Российская Федерация;Ленинградская Обл. п. Кудрово;улица Ленинградская;5;0;3;208;6
;188689;Российская Федерация;Ленинградская Обл. п. Кудрово;улица Ленинградская;5;0;3;209;6
;188689;Российская Федерация;Ленинградская Обл. п. Кудрово;улица Ленинградская;5;0;3;210;7
;188689;Российская Федерация;Ленинградская Обл. п. Кудрово;улица Ленинградская;5;0;3;211;7
;188689;Российская Федерация;Ленинградская Обл. п. Кудрово;улица Ленинградская;5;0;3;212;7
;188689;Российская Федерация;Ленинградская Обл. п. Кудрово;улица Ленинградская;5;0;3;213;7
;188689;Российская Федерация;Ленинградская Обл. п. Кудрово;улица Ленинградская;5;0;3;214;7
;188689;Российская Федерация;Ленинградская Обл. п. Кудрово;улица Ленинградская;5;0;3;215;7
;188689;Российская Федерация;Ленинградская Обл. п. Кудрово;улица Ленинградская;5;0;3;216;8
;188689;Российская Федерация;Ленинградская Обл. п. Кудрово;улица Ленинградская;5;0;3;217;8
;188689;Российская Федерация;Ленинградская Обл. п. Кудрово;улица Ленинградская;5;0;3;218;8
;188689;Российская Федерация;Ленинградская Обл. п. Кудрово;улица Ленинградская;5;0;3;219;8
;188689;Российская Федерация;Ленинградская Обл. п. Кудрово;улица Ленинградская;5;0;3;220;8
;188689;Российская Федерация;Ленинградская Обл. п. Кудрово;улица Ленинградская;5;0;3;221;8
;188689;Российская Федерация;Ленинградская Обл. п. Кудрово;улица Ленинградская;5;0;3;222;9
;188689;Российская Федерация;Ленинградская Обл. п. Кудрово;улица Ленинградская;5;0;3;223;9
;188689;Российская Федерация;Ленинградская Обл. п. Кудрово;улица Ленинградская;5;0;3;224;9
;188689;Российская Федерация;Ленинградская Обл. п. Кудрово;улица Ленинградская;5;0;3;225;9
;188689;Российская Федерация;Ленинградская Обл. п. Кудрово;улица Ленинградская;5;0;3;226;9
;188689;Российская Федерация;Ленинградская Обл. п. Кудрово;улица Ленинградская;5;0;3;227;9
;188689;Российская Федерация;Ленинградская Обл. п. Кудрово;улица Ленинградская;5;0;3;228;10
;188689;Российская Федерация;Ленинградская Обл. п. Кудрово;улица Ленинградская;5;0;3;229;10
;188689;Российская Федерация;Ленинградская Обл. п. Кудрово;улица Ленинградская;5;0;3;230;10
;188689;Российская Федерация;Ленинградская Обл. п. Кудрово;улица Ленинградская;5;0;3;231;10
;188689;Российская Федерация;Ленинградская Обл. п. Кудрово;улица Ленинградская;5;0;3;232;10
;188689;Российская Федерация;Ленинградская Обл. п. Кудрово;улица Ленинградская;5;0;3;233;10
;188689;Российская Федерация;Ленинградская Обл. п. Кудрово;улица Ленинградская;5;0;3;234;11
;188689;Российская Федерация;Ленинградская Обл. п. Кудрово;улица Ленинградская;5;0;3;235;11
;188689;Российская Федерация;Ленинградская Обл. п. Кудрово;улица Ленинградская;5;0;3;236;11
;188689;Российская Федерация;Ленинградская Обл. п. Кудрово;улица Ленинградская;5;0;3;237;11
;188689;Российская Федерация;Ленинградская Обл. п. Кудрово;улица Ленинградская;5;0;3;238;11
;188689;Российская Федерация;Ленинградская Обл. п. Кудрово;улица Ленинградская;5;0;3;239;11
;188689;Российская Федерация;Ленинградская Обл. п. Кудрово;улица Ленинградская;5;0;3;240;12
;188689;Российская Федерация;Ленинградская Обл. п. Кудрово;улица Ленинградская;5;0;3;241;12
;188689;Российская Федерация;Ленинградская Обл. п. Кудрово;улица Ленинградская;5;0;3;242;12
;188689;Российская Федерация;Ленинградская Обл. п. Кудрово;улица Ленинградская;5;0;3;243;12
;188689;Российская Федерация;Ленинградская Обл. п. Кудрово;улица Ленинградская;5;0;3;244;12
;188689;Российская Федерация;Ленинградская Обл. п. Кудрово;улица Ленинградская;5;0;3;245;12
;188689;Российская Федерация;Ленинградская Обл. п. Кудрово;улица Ленинградская;5;0;3;246;13
;188689;Российская Федерация;Ленинградская Обл. п. Кудрово;улица Ленинградская;5;0;3;247;13
;188689;Российская Федерация;Ленинградская Обл. п. Кудрово;улица Ленинградская;5;0;3;248;13
;188689;Российская Федерация;Ленинградская Обл. п. Кудрово;улица Ленинградская;5;0;3;249;13
;188689;Российская Федерация;Ленинградская Обл. п. Кудрово;улица Ленинградская;5;0;3;250;13
;188689;Российская Федерация;Ленинградская Обл. п. Кудрово;улица Ленинградская;5;0;3;251;13
;188689;Российская Федерация;Ленинградская Обл. п. Кудрово;улица Ленинградская;5;0;3;252;14
;188689;Российская Федерация;Ленинградская Обл. п. Кудрово;улица Ленинградская;5;0;3;253;14
;188689;Российская Федерация;Ленинградская Обл. п. Кудрово;улица Ленинградская;5;0;3;254;14
;188689;Российская Федерация;Ленинградская Обл. п. Кудрово;улица Ленинградская;5;0;3;255;14
;188689;Российская Федерация;Ленинградская Обл. п. Кудрово;улица Ленинградская;5;0;3;256;14
;188689;Российская Федерация;Ленинградская Обл. п. Кудрово;улица Ленинградская;5;0;3;257;14
;188689;Российская Федерация;Ленинградская Обл. п. Кудрово;улица Ленинградская;5;0;3;258;15
;188689;Российская Федерация;Ленинградская Обл. п. Кудрово;улица Ленинградская;5;0;3;259;15
;188689;Российская Федерация;Ленинградская Обл. п. Кудрово;улица Ленинградская;5;0;3;260;15
;188689;Российская Федерация;Ленинградская Обл. п. Кудрово;улица Ленинградская;5;0;3;261;15
;188689;Российская Федерация;Ленинградская Обл. п. Кудрово;улица Ленинградская;5;0;3;262;15
;188689;Российская Федерация;Ленинградская Обл. п. Кудрово;улица Ленинградская;5;0;3;263;15
;188689;Российская Федерация;Ленинградская Обл. п. Кудрово;улица Ленинградская;5;0;3;264;16
;188689;Российская Федерация;Ленинградская Обл. п. Кудрово;улица Ленинградская;5;0;3;265;16
;188689;Российская Федерация;Ленинградская Обл. п. Кудрово;улица Ленинградская;5;0;3;266;16
;188689;Российская Федерация;Ленинградская Обл. п. Кудрово;улица Ленинградская;5;0;3;267;16
;188689;Российская Федерация;Ленинградская Обл. п. Кудрово;улица Ленинградская;5;0;3;268;16
;188689;Российская Федерация;Ленинградская Обл. п. Кудрово;улица Ленинградская;5;0;3;269;16
;188689;Российская Федерация;Ленинградская Обл. п. Кудрово;улица Ленинградская;5;0;3;270;17
;188689;Российская Федерация;Ленинградская Обл. п. Кудрово;улица Ленинградская;5;0;3;271;17
;188689;Российская Федерация;Ленинградская Обл. п. Кудрово;улица Ленинградская;5;0;3;272;17
;188689;Российская Федерация;Ленинградская Обл. п. Кудрово;улица Ленинградская;5;0;3;273;17
;188689;Российская Федерация;Ленинградская Обл. п. Кудрово;улица Ленинградская;5;0;3;274;17
;188689;Российская Федерация;Ленинградская Обл. п. Кудрово;улица Ленинградская;5;0;3;275;17
;188689;Российская Федерация;Ленинградская Обл. п. Кудрово;улица Ленинградская;5;0;4;276;1
;188689;Российская Федерация;Ленинградская Обл. п. Кудрово;улица Ленинградская;5;0;4;277;1
;188689;Российская Федерация;Ленинградская Обл. п. Кудрово;улица Ленинградская;5;0;4;278;1
;188689;Российская Федерация;Ленинградская Обл. п. Кудрово;улица Ленинградская;5;0;4;279;2
;188689;Российская Федерация;Ленинградская Обл. п. Кудрово;улица Ленинградская;5;0;4;280;2
;188689;Российская Федерация;Ленинградская Обл. п. Кудрово;улица Ленинградская;5;0;4;281;2
;188689;Российская Федерация;Ленинградская Обл. п. Кудрово;улица Ленинградская;5;0;4;282;2
;188689;Российская Федерация;Ленинградская Обл. п. Кудрово;улица Ленинградская;5;0;4;283;3
;188689;Российская Федерация;Ленинградская Обл. п. Кудрово;улица Ленинградская;5;0;4;284;3
;188689;Российская Федерация;Ленинградская Обл. п. Кудрово;улица Ленинградская;5;0;4;285;3
;188689;Российская Федерация;Ленинградская Обл. п. Кудрово;улица Ленинградская;5;0;4;286;3
;188689;Российская Федерация;Ленинградская Обл. п. Кудрово;улица Ленинградская;5;0;4;287;4
;188689;Российская Федерация;Ленинградская Обл. п. Кудрово;улица Ленинградская;5;0;4;288;4
;188689;Российская Федерация;Ленинградская Обл. п. Кудрово;улица Ленинградская;5;0;4;289;4
;188689;Российская Федерация;Ленинградская Обл. п. Кудрово;улица Ленинградская;5;0;4;290;4
;188689;Российская Федерация;Ленинградская Обл. п. Кудрово;улица Ленинградская;5;0;4;291;5
;188689;Российская Федерация;Ленинградская Обл. п. Кудрово;улица Ленинградская;5;0;4;292;5
;188689;Российская Федерация;Ленинградская Обл. п. Кудрово;улица Ленинградская;5;0;4;293;5
;188689;Российская Федерация;Ленинградская Обл. п. Кудрово;улица Ленинградская;5;0;4;294;5
;188689;Российская Федерация;Ленинградская Обл. п. Кудрово;улица Ленинградская;5;0;4;295;6
;188689;Российская Федерация;Ленинградская Обл. п. Кудрово;улица Ленинградская;5;0;4;296;6
;188689;Российская Федерация;Ленинградская Обл. п. Кудрово;улица Ленинградская;5;0;4;297;6
;188689;Российская Федерация;Ленинградская Обл. п. Кудрово;улица Ленинградская;5;0;4;298;6
;188689;Российская Федерация;Ленинградская Обл. п. Кудрово;улица Ленинградская;5;0;4;299;7
;188689;Российская Федерация;Ленинградская Обл. п. Кудрово;улица Ленинградская;5;0;4;300;7
;188689;Российская Федерация;Ленинградская Обл. п. Кудрово;улица Ленинградская;5;0;4;301;7
;188689;Российская Федерация;Ленинградская Обл. п. Кудрово;улица Ленинградская;5;0;4;302;7
;188689;Российская Федерация;Ленинградская Обл. п. Кудрово;улица Ленинградская;5;0;4;303;8
;188689;Российская Федерация;Ленинградская Обл. п. Кудрово;улица Ленинградская;5;0;4;304;8
;188689;Российская Федерация;Ленинградская Обл. п. Кудрово;улица Ленинградская;5;0;4;305;8
;188689;Российская Федерация;Ленинградская Обл. п. Кудрово;улица Ленинградская;5;0;4;306;8
;188689;Российская Федерация;Ленинградская Обл. п. Кудрово;улица Ленинградская;5;0;4;307;9
;188689;Российская Федерация;Ленинградская Обл. п. Кудрово;улица Ленинградская;5;0;4;308;9
;188689;Российская Федерация;Ленинградская Обл. п. Кудрово;улица Ленинградская;5;0;4;309;9
;188689;Российская Федерация;Ленинградская Обл. п. Кудрово;улица Ленинградская;5;0;4;310;9
;188689;Российская Федерация;Ленинградская Обл. п. Кудрово;улица Ленинградская;5;0;4;311;10
;188689;Российская Федерация;Ленинградская Обл. п. Кудрово;улица Ленинградская;5;0;4;312;10
;188689;Российская Федерация;Ленинградская Обл. п. Кудрово;улица Ленинградская;5;0;4;313;10
;188689;Российская Федерация;Ленинградская Обл. п. Кудрово;улица Ленинградская;5;0;4;314;10
;188689;Российская Федерация;Ленинградская Обл. п. Кудрово;улица Ленинградская;5;0;4;315;11
;188689;Российская Федерация;Ленинградская Обл. п. Кудрово;улица Ленинградская;5;0;4;316;11
;188689;Российская Федерация;Ленинградская Обл. п. Кудрово;улица Ленинградская;5;0;4;317;11
;188689;Российская Федерация;Ленинградская Обл. п. Кудрово;улица Ленинградская;5;0;4;318;11
;188689;Российская Федерация;Ленинградская Обл. п. Кудрово;улица Ленинградская;5;0;4;319;12
;188689;Российская Федерация;Ленинградская Обл. п. Кудрово;улица Ленинградская;5;0;4;320;12
;188689;Российская Федерация;Ленинградская Обл. п. Кудрово;улица Ленинградская;5;0;4;321;12
;188689;Российская Федерация;Ленинградская Обл. п. Кудрово;улица Ленинградская;5;0;4;322;12
;188689;Российская Федерация;Ленинградская Обл. п. Кудрово;улица Ленинградская;5;0;4;323;13
;188689;Российская Федерация;Ленинградская Обл. п. Кудрово;улица Ленинградская;5;0;4;324;13
;188689;Российская Федерация;Ленинградская Обл. п. Кудрово;улица Ленинградская;5;0;4;325;13
;188689;Российская Федерация;Ленинградская Обл. п. Кудрово;улица Ленинградская;5;0;4;326;13
;188689;Российская Федерация;Ленинградская Обл. п. Кудрово;улица Ленинградская;5;0;4;327;14
;188689;Российская Федерация;Ленинградская Обл. п. Кудрово;улица Ленинградская;5;0;4;328;14
;188689;Российская Федерация;Ленинградская Обл. п. Кудрово;улица Ленинградская;5;0;4;329;14
;188689;Российская Федерация;Ленинградская Обл. п. Кудрово;улица Ленинградская;5;0;4;330;14
;188689;Российская Федерация;Ленинградская Обл. п. Кудрово;улица Ленинградская;5;0;4;331;15
;188689;Российская Федерация;Ленинградская Обл. п. Кудрово;улица Ленинградская;5;0;4;332;15
;188689;Российская Федерация;Ленинградская Обл. п. Кудрово;улица Ленинградская;5;0;4;333;15
;188689;Российская Федерация;Ленинградская Обл. п. Кудрово;улица Ленинградская;5;0;4;334;15
;188689;Российская Федерация;Ленинградская Обл. п. Кудрово;улица Ленинградская;5;0;4;335;16
;188689;Российская Федерация;Ленинградская Обл. п. Кудрово;улица Ленинградская;5;0;4;336;16
;188689;Российская Федерация;Ленинградская Обл. п. Кудрово;улица Ленинградская;5;0;4;337;16
;188689;Российская Федерация;Ленинградская Обл. п. Кудрово;улица Ленинградская;5;0;4;338;16
;188689;Российская Федерация;Ленинградская Обл. п. Кудрово;улица Ленинградская;5;0;4;339;17
;188689;Российская Федерация;Ленинградская Обл. п. Кудрово;улица Ленинградская;5;0;4;340;17
;188689;Российская Федерация;Ленинградская Обл. п. Кудрово;улица Ленинградская;5;0;4;341;17
;188689;Российская Федерация;Ленинградская Обл. п. Кудрово;улица Ленинградская;5;0;4;342;17
;188689;Российская Федерация;Ленинградская Обл. п. Кудрово;улица Ленинградская;5;0;5;343;1
;188689;Российская Федерация;Ленинградская Обл. п. Кудрово;улица Ленинградская;5;0;5;344;1
;188689;Российская Федерация;Ленинградская Обл. п. Кудрово;улица Ленинградская;5;0;5;345;1
;188689;Российская Федерация;Ленинградская Обл. п. Кудрово;улица Ленинградская;5;0;5;346;2
;188689;Российская Федерация;Ленинградская Обл. п. Кудрово;улица Ленинградская;5;0;5;347;2
;188689;Российская Федерация;Ленинградская Обл. п. Кудрово;улица Ленинградская;5;0;5;348;2
;188689;Российская Федерация;Ленинградская Обл. п. Кудрово;улица Ленинградская;5;0;5;349;2
;188689;Российская Федерация;Ленинградская Обл. п. Кудрово;улица Ленинградская;5;0;5;350;3
;188689;Российская Федерация;Ленинградская Обл. п. Кудрово;улица Ленинградская;5;0;5;351;3
;188689;Российская Федерация;Ленинградская Обл. п. Кудрово;улица Ленинградская;5;0;5;352;3
;188689;Российская Федерация;Ленинградская Обл. п. Кудрово;улица Ленинградская;5;0;5;353;3
;188689;Российская Федерация;Ленинградская Обл. п. Кудрово;улица Ленинградская;5;0;5;354;4
;188689;Российская Федерация;Ленинградская Обл. п. Кудрово;улица Ленинградская;5;0;5;355;4
;188689;Российская Федерация;Ленинградская Обл. п. Кудрово;улица Ленинградская;5;0;5;356;4
;188689;Российская Федерация;Ленинградская Обл. п. Кудрово;улица Ленинградская;5;0;5;357;4
;188689;Российская Федерация;Ленинградская Обл. п. Кудрово;улица Ленинградская;5;0;5;358;5
;188689;Российская Федерация;Ленинградская Обл. п. Кудрово;улица Ленинградская;5;0;5;359;5
;188689;Российская Федерация;Ленинградская Обл. п. Кудрово;улица Ленинградская;5;0;5;360;5
;188689;Российская Федерация;Ленинградская Обл. п. Кудрово;улица Ленинградская;5;0;5;361;5
;188689;Российская Федерация;Ленинградская Обл. п. Кудрово;улица Ленинградская;5;0;5;362;6
;188689;Российская Федерация;Ленинградская Обл. п. Кудрово;улица Ленинградская;5;0;5;363;6
;188689;Российская Федерация;Ленинградская Обл. п. Кудрово;улица Ленинградская;5;0;5;364;6
;188689;Российская Федерация;Ленинградская Обл. п. Кудрово;улица Ленинградская;5;0;5;365;6
;188689;Российская Федерация;Ленинградская Обл. п. Кудрово;улица Ленинградская;5;0;5;366;7
;188689;Российская Федерация;Ленинградская Обл. п. Кудрово;улица Ленинградская;5;0;5;367;7
;188689;Российская Федерация;Ленинградская Обл. п. Кудрово;улица Ленинградская;5;0;5;368;7
;188689;Российская Федерация;Ленинградская Обл. п. Кудрово;улица Ленинградская;5;0;5;369;7
;188689;Российская Федерация;Ленинградская Обл. п. Кудрово;улица Ленинградская;5;0;5;370;8
;188689;Российская Федерация;Ленинградская Обл. п. Кудрово;улица Ленинградская;5;0;5;371;8
;188689;Российская Федерация;Ленинградская Обл. п. Кудрово;улица Ленинградская;5;0;5;372;8
;188689;Российская Федерация;Ленинградская Обл. п. Кудрово;улица Ленинградская;5;0;5;373;8
;188689;Российская Федерация;Ленинградская Обл. п. Кудрово;улица Ленинградская;5;0;5;374;9
;188689;Российская Федерация;Ленинградская Обл. п. Кудрово;улица Ленинградская;5;0;5;375;9
;188689;Российская Федерация;Ленинградская Обл. п. Кудрово;улица Ленинградская;5;0;5;376;9
;188689;Российская Федерация;Ленинградская Обл. п. Кудрово;улица Ленинградская;5;0;5;377;9
;188689;Российская Федерация;Ленинградская Обл. п. Кудрово;улица Ленинградская;5;0;5;378;10
;188689;Российская Федерация;Ленинградская Обл. п. Кудрово;улица Ленинградская;5;0;5;379;10
;188689;Российская Федерация;Ленинградская Обл. п. Кудрово;улица Ленинградская;5;0;5;380;10
;188689;Российская Федерация;Ленинградская Обл. п. Кудрово;улица Ленинградская;5;0;5;381;10
;188689;Российская Федерация;Ленинградская Обл. п. Кудрово;улица Ленинградская;5;0;5;382;11
;188689;Российская Федерация;Ленинградская Обл. п. Кудрово;улица Ленинградская;5;0;5;383;11
;188689;Российская Федерация;Ленинградская Обл. п. Кудрово;улица Ленинградская;5;0;5;384;11
;188689;Российская Федерация;Ленинградская Обл. п. Кудрово;улица Ленинградская;5;0;5;385;11
;188689;Российская Федерация;Ленинградская Обл. п. Кудрово;улица Ленинградская;5;0;5;386;12
;188689;Российская Федерация;Ленинградская Обл. п. Кудрово;улица Ленинградская;5;0;5;387;12
;188689;Российская Федерация;Ленинградская Обл. п. Кудрово;улица Ленинградская;5;0;5;388;12
;188689;Российская Федерация;Ленинградская Обл. п. Кудрово;улица Ленинградская;5;0;5;389;12
;188689;Российская Федерация;Ленинградская Обл. п. Кудрово;улица Ленинградская;5;0;5;390;13
;188689;Российская Федерация;Ленинградская Обл. п. Кудрово;улица Ленинградская;5;0;5;391;13
;188689;Российская Федерация;Ленинградская Обл. п. Кудрово;улица Ленинградская;5;0;5;392;13
;188689;Российская Федерация;Ленинградская Обл. п. Кудрово;улица Ленинградская;5;0;5;393;13
;188689;Российская Федерация;Ленинградская Обл. п. Кудрово;улица Ленинградская;5;0;5;394;14
;188689;Российская Федерация;Ленинградская Обл. п. Кудрово;улица Ленинградская;5;0;5;395;14
;188689;Российская Федерация;Ленинградская Обл. п. Кудрово;улица Ленинградская;5;0;5;396;14
;188689;Российская Федерация;Ленинградская Обл. п. Кудрово;улица Ленинградская;5;0;5;397;14
;188689;Российская Федерация;Ленинградская Обл. п. Кудрово;улица Ленинградская;5;0;5;398;15
;188689;Российская Федерация;Ленинградская Обл. п. Кудрово;улица Ленинградская;5;0;5;399;15
;188689;Российская Федерация;Ленинградская Обл. п. Кудрово;улица Ленинградская;5;0;5;400;15
;188689;Российская Федерация;Ленинградская Обл. п. Кудрово;улица Ленинградская;5;0;5;401;15
;188689;Российская Федерация;Ленинградская Обл. п. Кудрово;улица Ленинградская;5;0;5;402;16
;188689;Российская Федерация;Ленинградская Обл. п. Кудрово;улица Ленинградская;5;0;5;403;16
;188689;Российская Федерация;Ленинградская Обл. п. Кудрово;улица Ленинградская;5;0;5;404;16
;188689;Российская Федерация;Ленинградская Обл. п. Кудрово;улица Ленинградская;5;0;5;405;16
;188689;Российская Федерация;Ленинградская Обл. п. Кудрово;улица Ленинградская;5;0;5;406;17
;188689;Российская Федерация;Ленинградская Обл. п. Кудрово;улица Ленинградская;5;0;5;407;17
;188689;Российская Федерация;Ленинградская Обл. п. Кудрово;улица Ленинградская;5;0;5;408;17
;188689;Российская Федерация;Ленинградская Обл. п. Кудрово;улица Ленинградская;5;0;5;409;17
;188689;Российская Федерация;Ленинградская Обл. п. Кудрово;улица Ленинградская;5;0;6;410;1
;188689;Российская Федерация;Ленинградская Обл. п. Кудрово;улица Ленинградская;5;0;6;411;1
;188689;Российская Федерация;Ленинградская Обл. п. Кудрово;улица Ленинградская;5;0;6;412;1
;188689;Российская Федерация;Ленинградская Обл. п. Кудрово;улица Ленинградская;5;0;6;413;1
;188689;Российская Федерация;Ленинградская Обл. п. Кудрово;улица Ленинградская;5;0;6;414;1
;188689;Российская Федерация;Ленинградская Обл. п. Кудрово;улица Ленинградская;5;0;6;415;2
;188689;Российская Федерация;Ленинградская Обл. п. Кудрово;улица Ленинградская;5;0;6;416;2
;188689;Российская Федерация;Ленинградская Обл. п. Кудрово;улица Ленинградская;5;0;6;417;2
;188689;Российская Федерация;Ленинградская Обл. п. Кудрово;улица Ленинградская;5;0;6;418;2
;188689;Российская Федерация;Ленинградская Обл. п. Кудрово;улица Ленинградская;5;0;6;419;2
;188689;Российская Федерация;Ленинградская Обл. п. Кудрово;улица Ленинградская;5;0;6;420;2
;188689;Российская Федерация;Ленинградская Обл. п. Кудрово;улица Ленинградская;5;0;6;421;3
;188689;Российская Федерация;Ленинградская Обл. п. Кудрово;улица Ленинградская;5;0;6;422;3
;188689;Российская Федерация;Ленинградская Обл. п. Кудрово;улица Ленинградская;5;0;6;423;3
;188689;Российская Федерация;Ленинградская Обл. п. Кудрово;улица Ленинградская;5;0;6;424;3
;188689;Российская Федерация;Ленинградская Обл. п. Кудрово;улица Ленинградская;5;0;6;425;3
;188689;Российская Федерация;Ленинградская Обл. п. Кудрово;улица Ленинградская;5;0;6;426;3
;188689;Российская Федерация;Ленинградская Обл. п. Кудрово;улица Ленинградская;5;0;6;427;4
;188689;Российская Федерация;Ленинградская Обл. п. Кудрово;улица Ленинградская;5;0;6;428;4
;188689;Российская Федерация;Ленинградская Обл. п. Кудрово;улица Ленинградская;5;0;6;429;4
;188689;Российская Федерация;Ленинградская Обл. п. Кудрово;улица Ленинградская;5;0;6;430;4
;188689;Российская Федерация;Ленинградская Обл. п. Кудрово;улица Ленинградская;5;0;6;431;4
;188689;Российская Федерация;Ленинградская Обл. п. Кудрово;улица Ленинградская;5;0;6;432;4
;188689;Российская Федерация;Ленинградская Обл. п. Кудрово;улица Ленинградская;5;0;6;433;5
;188689;Российская Федерация;Ленинградская Обл. п. Кудрово;улица Ленинградская;5;0;6;434;5
;188689;Российская Федерация;Ленинградская Обл. п. Кудрово;улица Ленинградская;5;0;6;435;5
;188689;Российская Федерация;Ленинградская Обл. п. Кудрово;улица Ленинградская;5;0;6;436;5
;188689;Российская Федерация;Ленинградская Обл. п. Кудрово;улица Ленинградская;5;0;6;437;5
;188689;Российская Федерация;Ленинградская Обл. п. Кудрово;улица Ленинградская;5;0;6;438;5
;188689;Российская Федерация;Ленинградская Обл. п. Кудрово;улица Ленинградская;5;0;6;439;6
;188689;Российская Федерация;Ленинградская Обл. п. Кудрово;улица Ленинградская;5;0;6;440;6
;188689;Российская Федерация;Ленинградская Обл. п. Кудрово;улица Ленинградская;5;0;6;441;6
;188689;Российская Федерация;Ленинградская Обл. п. Кудрово;улица Ленинградская;5;0;6;442;6
;188689;Российская Федерация;Ленинградская Обл. п. Кудрово;улица Ленинградская;5;0;6;443;6
;188689;Российская Федерация;Ленинградская Обл. п. Кудрово;улица Ленинградская;5;0;6;444;6
;188689;Российская Федерация;Ленинградская Обл. п. Кудрово;улица Ленинградская;5;0;6;445;7
;188689;Российская Федерация;Ленинградская Обл. п. Кудрово;улица Ленинградская;5;0;6;446;7
;188689;Российская Федерация;Ленинградская Обл. п. Кудрово;улица Ленинградская;5;0;6;447;7
;188689;Российская Федерация;Ленинградская Обл. п. Кудрово;улица Ленинградская;5;0;6;448;7
;188689;Российская Федерация;Ленинградская Обл. п. Кудрово;улица Ленинградская;5;0;6;449;7
;188689;Российская Федерация;Ленинградская Обл. п. Кудрово;улица Ленинградская;5;0;6;450;7
;188689;Российская Федерация;Ленинградская Обл. п. Кудрово;улица Ленинградская;5;0;6;451;8
;188689;Российская Федерация;Ленинградская Обл. п. Кудрово;улица Ленинградская;5;0;6;452;8
;188689;Российская Федерация;Ленинградская Обл. п. Кудрово;улица Ленинградская;5;0;6;453;8
;188689;Российская Федерация;Ленинградская Обл. п. Кудрово;улица Ленинградская;5;0;6;454;8
;188689;Российская Федерация;Ленинградская Обл. п. Кудрово;улица Ленинградская;5;0;6;455;8
;188689;Российская Федерация;Ленинградская Обл. п. Кудрово;улица Ленинградская;5;0;6;456;8
;188689;Российская Федерация;Ленинградская Обл. п. Кудрово;улица Ленинградская;5;0;6;457;9
;188689;Российская Федерация;Ленинградская Обл. п. Кудрово;улица Ленинградская;5;0;6;458;9
;188689;Российская Федерация;Ленинградская Обл. п. Кудрово;улица Ленинградская;5;0;6;459;9
;188689;Российская Федерация;Ленинградская Обл. п. Кудрово;улица Ленинградская;5;0;6;460;9
;188689;Российская Федерация;Ленинградская Обл. п. Кудрово;улица Ленинградская;5;0;6;461;9
;188689;Российская Федерация;Ленинградская Обл. п. Кудрово;улица Ленинградская;5;0;6;462;9
;188689;Российская Федерация;Ленинградская Обл. п. Кудрово;улица Ленинградская;5;0;6;463;10
;188689;Российская Федерация;Ленинградская Обл. п. Кудрово;улица Ленинградская;5;0;6;464;10
;188689;Российская Федерация;Ленинградская Обл. п. Кудрово;улица Ленинградская;5;0;6;465;10
;188689;Российская Федерация;Ленинградская Обл. п. Кудрово;улица Ленинградская;5;0;6;466;10
;188689;Российская Федерация;Ленинградская Обл. п. Кудрово;улица Ленинградская;5;0;6;467;10
;188689;Российская Федерация;Ленинградская Обл. п. Кудрово;улица Ленинградская;5;0;6;468;10
;188689;Российская Федерация;Ленинградская Обл. п. Кудрово;улица Ленинградская;5;0;6;469;11
;188689;Российская Федерация;Ленинградская Обл. п. Кудрово;улица Ленинградская;5;0;6;470;11
;188689;Российская Федерация;Ленинградская Обл. п. Кудрово;улица Ленинградская;5;0;6;471;11
;188689;Российская Федерация;Ленинградская Обл. п. Кудрово;улица Ленинградская;5;0;6;472;11
;188689;Российская Федерация;Ленинградская Обл. п. Кудрово;улица Ленинградская;5;0;6;473;11
;188689;Российская Федерация;Ленинградская Обл. п. Кудрово;улица Ленинградская;5;0;6;474;11
;188689;Российская Федерация;Ленинградская Обл. п. Кудрово;улица Ленинградская;5;0;6;475;12
;188689;Российская Федерация;Ленинградская Обл. п. Кудрово;улица Ленинградская;5;0;6;476;12
;188689;Российская Федерация;Ленинградская Обл. п. Кудрово;улица Ленинградская;5;0;6;477;12
;188689;Российская Федерация;Ленинградская Обл. п. Кудрово;улица Ленинградская;5;0;6;478;12
;188689;Российская Федерация;Ленинградская Обл. п. Кудрово;улица Ленинградская;5;0;6;479;12
;188689;Российская Федерация;Ленинградская Обл. п. Кудрово;улица Ленинградская;5;0;6;480;12
;188689;Российская Федерация;Ленинградская Обл. п. Кудрово;улица Ленинградская;5;0;6;481;13
;188689;Российская Федерация;Ленинградская Обл. п. Кудрово;улица Ленинградская;5;0;6;482;13
;188689;Российская Федерация;Ленинградская Обл. п. Кудрово;улица Ленинградская;5;0;6;483;13
;188689;Российская Федерация;Ленинградская Обл. п. Кудрово;улица Ленинградская;5;0;6;484;13
;188689;Российская Федерация;Ленинградская Обл. п. Кудрово;улица Ленинградская;5;0;6;485;13
;188689;Российская Федерация;Ленинградская Обл. п. Кудрово;улица Ленинградская;5;0;6;486;13
;188689;Российская Федерация;Ленинградская Обл. п. Кудрово;улица Ленинградская;5;0;6;487;14
;188689;Российская Федерация;Ленинградская Обл. п. Кудрово;улица Ленинградская;5;0;6;488;14
;188689;Российская Федерация;Ленинградская Обл. п. Кудрово;улица Ленинградская;5;0;6;489;14
;188689;Российская Федерация;Ленинградская Обл. п. Кудрово;улица Ленинградская;5;0;6;490;14
;188689;Российская Федерация;Ленинградская Обл. п. Кудрово;улица Ленинградская;5;0;6;491;14
;188689;Российская Федерация;Ленинградская Обл. п. Кудрово;улица Ленинградская;5;0;6;492;14
;188689;Российская Федерация;Ленинградская Обл. п. Кудрово;улица Ленинградская;5;0;6;493;15
;188689;Российская Федерация;Ленинградская Обл. п. Кудрово;улица Ленинградская;5;0;6;494;15
;188689;Российская Федерация;Ленинградская Обл. п. Кудрово;улица Ленинградская;5;0;6;495;15
;188689;Российская Федерация;Ленинградская Обл. п. Кудрово;улица Ленинградская;5;0;6;496;15
;188689;Российская Федерация;Ленинградская Обл. п. Кудрово;улица Ленинградская;5;0;6;497;15
;188689;Российская Федерация;Ленинградская Обл. п. Кудрово;улица Ленинградская;5;0;6;498;15
;188689;Российская Федерация;Ленинградская Обл. п. Кудрово;улица Ленинградская;5;0;6;499;16
;188689;Российская Федерация;Ленинградская Обл. п. Кудрово;улица Ленинградская;5;0;6;500;16
;188689;Российская Федерация;Ленинградская Обл. п. Кудрово;улица Ленинградская;5;0;6;501;16
;188689;Российская Федерация;Ленинградская Обл. п. Кудрово;улица Ленинградская;5;0;6;502;16
;188689;Российская Федерация;Ленинградская Обл. п. Кудрово;улица Ленинградская;5;0;6;503;16
;188689;Российская Федерация;Ленинградская Обл. п. Кудрово;улица Ленинградская;5;0;6;504;16
;188689;Российская Федерация;Ленинградская Обл. п. Кудрово;улица Ленинградская;5;0;6;505;17
;188689;Российская Федерация;Ленинградская Обл. п. Кудрово;улица Ленинградская;5;0;6;506;17
;188689;Российская Федерация;Ленинградская Обл. п. Кудрово;улица Ленинградская;5;0;6;507;17
;188689;Российская Федерация;Ленинградская Обл. п. Кудрово;улица Ленинградская;5;0;6;508;17
;188689;Российская Федерация;Ленинградская Обл. п. Кудрово;улица Ленинградская;5;0;6;509;17
;188689;Российская Федерация;Ленинградская Обл. п. Кудрово;улица Ленинградская;5;0;6;510;17
;188689;Российская Федерация;Ленинградская Обл. п. Кудрово;улица Ленинградская;5;0;7;511;1
;188689;Российская Федерация;Ленинградская Обл. п. Кудрово;улица Ленинградская;5;0;7;512;1
;188689;Российская Федерация;Ленинградская Обл. п. Кудрово;улица Ленинградская;5;0;7;513;1
;188689;Российская Федерация;Ленинградская Обл. п. Кудрово;улица Ленинградская;5;0;7;514;2
;188689;Российская Федерация;Ленинградская Обл. п. Кудрово;улица Ленинградская;5;0;7;515;2
;188689;Российская Федерация;Ленинградская Обл. п. Кудрово;улица Ленинградская;5;0;7;516;2
;188689;Российская Федерация;Ленинградская Обл. п. Кудрово;улица Ленинградская;5;0;7;517;2
;188689;Российская Федерация;Ленинградская Обл. п. Кудрово;улица Ленинградская;5;0;7;518;3
;188689;Российская Федерация;Ленинградская Обл. п. Кудрово;улица Ленинградская;5;0;7;519;3
;188689;Российская Федерация;Ленинградская Обл. п. Кудрово;улица Ленинградская;5;0;7;520;3
;188689;Российская Федерация;Ленинградская Обл. п. Кудрово;улица Ленинградская;5;0;7;521;3
;188689;Российская Федерация;Ленинградская Обл. п. Кудрово;улица Ленинградская;5;0;7;522;4
;188689;Российская Федерация;Ленинградская Обл. п. Кудрово;улица Ленинградская;5;0;7;523;4
;188689;Российская Федерация;Ленинградская Обл. п. Кудрово;улица Ленинградская;5;0;7;524;4
;188689;Российская Федерация;Ленинградская Обл. п. Кудрово;улица Ленинградская;5;0;7;525;4
;188689;Российская Федерация;Ленинградская Обл. п. Кудрово;улица Ленинградская;5;0;7;526;5
;188689;Российская Федерация;Ленинградская Обл. п. Кудрово;улица Ленинградская;5;0;7;527;5
;188689;Российская Федерация;Ленинградская Обл. п. Кудрово;улица Ленинградская;5;0;7;528;5
;188689;Российская Федерация;Ленинградская Обл. п. Кудрово;улица Ленинградская;5;0;7;529;5
;188689;Российская Федерация;Ленинградская Обл. п. Кудрово;улица Ленинградская;5;0;7;530;6
;188689;Российская Федерация;Ленинградская Обл. п. Кудрово;улица Ленинградская;5;0;7;531;6
;188689;Российская Федерация;Ленинградская Обл. п. Кудрово;улица Ленинградская;5;0;7;532;6
;188689;Российская Федерация;Ленинградская Обл. п. Кудрово;улица Ленинградская;5;0;7;533;6
;188689;Российская Федерация;Ленинградская Обл. п. Кудрово;улица Ленинградская;5;0;7;534;7
;188689;Российская Федерация;Ленинградская Обл. п. Кудрово;улица Ленинградская;5;0;7;535;7
;188689;Российская Федерация;Ленинградская Обл. п. Кудрово;улица Ленинградская;5;0;7;536;7
;188689;Российская Федерация;Ленинградская Обл. п. Кудрово;улица Ленинградская;5;0;7;537;7
;188689;Российская Федерация;Ленинградская Обл. п. Кудрово;улица Ленинградская;5;0;7;538;8
;188689;Российская Федерация;Ленинградская Обл. п. Кудрово;улица Ленинградская;5;0;7;539;8
;188689;Российская Федерация;Ленинградская Обл. п. Кудрово;улица Ленинградская;5;0;7;540;8
;188689;Российская Федерация;Ленинградская Обл. п. Кудрово;улица Ленинградская;5;0;7;541;8
;188689;Российская Федерация;Ленинградская Обл. п. Кудрово;улица Ленинградская;5;0;7;542;9
;188689;Российская Федерация;Ленинградская Обл. п. Кудрово;улица Ленинградская;5;0;7;543;9
;188689;Российская Федерация;Ленинградская Обл. п. Кудрово;улица Ленинградская;5;0;7;544;9
;188689;Российская Федерация;Ленинградская Обл. п. Кудрово;улица Ленинградская;5;0;7;545;9
;188689;Российская Федерация;Ленинградская Обл. п. Кудрово;улица Ленинградская;5;0;7;546;10
;188689;Российская Федерация;Ленинградская Обл. п. Кудрово;улица Ленинградская;5;0;7;547;10
;188689;Российская Федерация;Ленинградская Обл. п. Кудрово;улица Ленинградская;5;0;7;548;10
;188689;Российская Федерация;Ленинградская Обл. п. Кудрово;улица Ленинградская;5;0;7;549;10
;188689;Российская Федерация;Ленинградская Обл. п. Кудрово;улица Ленинградская;5;0;7;550;11
;188689;Российская Федерация;Ленинградская Обл. п. Кудрово;улица Ленинградская;5;0;7;551;11
;188689;Российская Федерация;Ленинградская Обл. п. Кудрово;улица Ленинградская;5;0;7;552;11
;188689;Российская Федерация;Ленинградская Обл. п. Кудрово;улица Ленинградская;5;0;7;553;11
;188689;Российская Федерация;Ленинградская Обл. п. Кудрово;улица Ленинградская;5;0;7;554;12
;188689;Российская Федерация;Ленинградская Обл. п. Кудрово;улица Ленинградская;5;0;7;555;12
;188689;Российская Федерация;Ленинградская Обл. п. Кудрово;улица Ленинградская;5;0;7;556;12
;188689;Российская Федерация;Ленинградская Обл. п. Кудрово;улица Ленинградская;5;0;7;557;12
;188689;Российская Федерация;Ленинградская Обл. п. Кудрово;улица Ленинградская;5;0;7;558;13
;188689;Российская Федерация;Ленинградская Обл. п. Кудрово;улица Ленинградская;5;0;7;559;13
;188689;Российская Федерация;Ленинградская Обл. п. Кудрово;улица Ленинградская;5;0;7;560;13
;188689;Российская Федерация;Ленинградская Обл. п. Кудрово;улица Ленинградская;5;0;7;561;13
;188689;Российская Федерация;Ленинградская Обл. п. Кудрово;улица Ленинградская;5;0;7;562;14
;188689;Российская Федерация;Ленинградская Обл. п. Кудрово;улица Ленинградская;5;0;7;563;14
;188689;Российская Федерация;Ленинградская Обл. п. Кудрово;улица Ленинградская;5;0;7;564;14
;188689;Российская Федерация;Ленинградская Обл. п. Кудрово;улица Ленинградская;5;0;7;565;14
;188689;Российская Федерация;Ленинградская Обл. п. Кудрово;улица Ленинградская;5;0;7;566;15
;188689;Российская Федерация;Ленинградская Обл. п. Кудрово;улица Ленинградская;5;0;7;567;15
;188689;Российская Федерация;Ленинградская Обл. п. Кудрово;улица Ленинградская;5;0;7;568;15
;188689;Российская Федерация;Ленинградская Обл. п. Кудрово;улица Ленинградская;5;0;7;569;15
;188689;Российская Федерация;Ленинградская Обл. п. Кудрово;улица Ленинградская;5;0;7;570;16
;188689;Российская Федерация;Ленинградская Обл. п. Кудрово;улица Ленинградская;5;0;7;571;16
;188689;Российская Федерация;Ленинградская Обл. п. Кудрово;улица Ленинградская;5;0;7;572;16
;188689;Российская Федерация;Ленинградская Обл. п. Кудрово;улица Ленинградская;5;0;7;573;16
;188689;Российская Федерация;Ленинградская Обл. п. Кудрово;улица Ленинградская;5;0;7;574;17
;188689;Российская Федерация;Ленинградская Обл. п. Кудрово;улица Ленинградская;5;0;7;575;17
;188689;Российская Федерация;Ленинградская Обл. п. Кудрово;улица Ленинградская;5;0;7;576;17
;188689;Российская Федерация;Ленинградская Обл. п. Кудрово;улица Ленинградская;5;0;7;577;17
;188689;Российская Федерация;Ленинградская Обл. п. Кудрово;улица Ленинградская;5;0;8;578;1
;188689;Российская Федерация;Ленинградская Обл. п. Кудрово;улица Ленинградская;5;0;8;579;1
;188689;Российская Федерация;Ленинградская Обл. п. Кудрово;улица Ленинградская;5;0;8;580;1
;188689;Российская Федерация;Ленинградская Обл. п. Кудрово;улица Ленинградская;5;0;8;581;2
;188689;Российская Федерация;Ленинградская Обл. п. Кудрово;улица Ленинградская;5;0;8;582;2
;188689;Российская Федерация;Ленинградская Обл. п. Кудрово;улица Ленинградская;5;0;8;583;2
;188689;Российская Федерация;Ленинградская Обл. п. Кудрово;улица Ленинградская;5;0;8;584;2
;188689;Российская Федерация;Ленинградская Обл. п. Кудрово;улица Ленинградская;5;0;8;585;3
;188689;Российская Федерация;Ленинградская Обл. п. Кудрово;улица Ленинградская;5;0;8;586;3
;188689;Российская Федерация;Ленинградская Обл. п. Кудрово;улица Ленинградская;5;0;8;587;3
;188689;Российская Федерация;Ленинградская Обл. п. Кудрово;улица Ленинградская;5;0;8;588;3
;188689;Российская Федерация;Ленинградская Обл. п. Кудрово;улица Ленинградская;5;0;8;589;4
;188689;Российская Федерация;Ленинградская Обл. п. Кудрово;улица Ленинградская;5;0;8;590;4
;188689;Российская Федерация;Ленинградская Обл. п. Кудрово;улица Ленинградская;5;0;8;591;4
;188689;Российская Федерация;Ленинградская Обл. п. Кудрово;улица Ленинградская;5;0;8;592;4
;188689;Российская Федерация;Ленинградская Обл. п. Кудрово;улица Ленинградская;5;0;8;593;5
;188689;Российская Федерация;Ленинградская Обл. п. Кудрово;улица Ленинградская;5;0;8;594;5
;188689;Российская Федерация;Ленинградская Обл. п. Кудрово;улица Ленинградская;5;0;8;595;5
;188689;Российская Федерация;Ленинградская Обл. п. Кудрово;улица Ленинградская;5;0;8;596;5
;188689;Российская Федерация;Ленинградская Обл. п. Кудрово;улица Ленинградская;5;0;8;597;6
;188689;Российская Федерация;Ленинградская Обл. п. Кудрово;улица Ленинградская;5;0;8;598;6
;188689;Российская Федерация;Ленинградская Обл. п. Кудрово;улица Ленинградская;5;0;8;599;6
;188689;Российская Федерация;Ленинградская Обл. п. Кудрово;улица Ленинградская;5;0;8;600;6
;188689;Российская Федерация;Ленинградская Обл. п. Кудрово;улица Ленинградская;5;0;8;601;7
;188689;Российская Федерация;Ленинградская Обл. п. Кудрово;улица Ленинградская;5;0;8;602;7
;188689;Российская Федерация;Ленинградская Обл. п. Кудрово;улица Ленинградская;5;0;8;603;7
;188689;Российская Федерация;Ленинградская Обл. п. Кудрово;улица Ленинградская;5;0;8;604;7
;188689;Российская Федерация;Ленинградская Обл. п. Кудрово;улица Ленинградская;5;0;8;605;8
;188689;Российская Федерация;Ленинградская Обл. п. Кудрово;улица Ленинградская;5;0;8;606;8
;188689;Российская Федерация;Ленинградская Обл. п. Кудрово;улица Ленинградская;5;0;8;607;8
;188689;Российская Федерация;Ленинградская Обл. п. Кудрово;улица Ленинградская;5;0;8;608;8
;188689;Российская Федерация;Ленинградская Обл. п. Кудрово;улица Ленинградская;5;0;8;609;9
;188689;Российская Федерация;Ленинградская Обл. п. Кудрово;улица Ленинградская;5;0;8;610;9
;188689;Российская Федерация;Ленинградская Обл. п. Кудрово;улица Ленинградская;5;0;8;611;9
;188689;Российская Федерация;Ленинградская Обл. п. Кудрово;улица Ленинградская;5;0;8;612;9
;188689;Российская Федерация;Ленинградская Обл. п. Кудрово;улица Ленинградская;5;0;8;613;10
;188689;Российская Федерация;Ленинградская Обл. п. Кудрово;улица Ленинградская;5;0;8;614;10
;188689;Российская Федерация;Ленинградская Обл. п. Кудрово;улица Ленинградская;5;0;8;615;10
;188689;Российская Федерация;Ленинградская Обл. п. Кудрово;улица Ленинградская;5;0;8;616;10
;188689;Российская Федерация;Ленинградская Обл. п. Кудрово;улица Ленинградская;5;0;8;617;11
;188689;Российская Федерация;Ленинградская Обл. п. Кудрово;улица Ленинградская;5;0;8;618;11
;188689;Российская Федерация;Ленинградская Обл. п. Кудрово;улица Ленинградская;5;0;8;619;11
;188689;Российская Федерация;Ленинградская Обл. п. Кудрово;улица Ленинградская;5;0;8;620;11
;188689;Российская Федерация;Ленинградская Обл. п. Кудрово;улица Ленинградская;5;0;8;621;12
;188689;Российская Федерация;Ленинградская Обл. п. Кудрово;улица Ленинградская;5;0;8;622;12
;188689;Российская Федерация;Ленинградская Обл. п. Кудрово;улица Ленинградская;5;0;8;623;12
;188689;Российская Федерация;Ленинградская Обл. п. Кудрово;улица Ленинградская;5;0;8;624;12
;188689;Российская Федерация;Ленинградская Обл. п. Кудрово;улица Ленинградская;5;0;8;625;13
;188689;Российская Федерация;Ленинградская Обл. п. Кудрово;улица Ленинградская;5;0;8;626;13
;188689;Российская Федерация;Ленинградская Обл. п. Кудрово;улица Ленинградская;5;0;8;627;13
;188689;Российская Федерация;Ленинградская Обл. п. Кудрово;улица Ленинградская;5;0;8;628;13
;188689;Российская Федерация;Ленинградская Обл. п. Кудрово;улица Ленинградская;5;0;8;629;14
;188689;Российская Федерация;Ленинградская Обл. п. Кудрово;улица Ленинградская;5;0;8;630;14
;188689;Российская Федерация;Ленинградская Обл. п. Кудрово;улица Ленинградская;5;0;8;631;14
;188689;Российская Федерация;Ленинградская Обл. п. Кудрово;улица Ленинградская;5;0;8;632;14
;188689;Российская Федерация;Ленинградская Обл. п. Кудрово;улица Ленинградская;5;0;8;633;15
;188689;Российская Федерация;Ленинградская Обл. п. Кудрово;улица Ленинградская;5;0;8;634;15
;188689;Российская Федерация;Ленинградская Обл. п. Кудрово;улица Ленинградская;5;0;8;635;15
;188689;Российская Федерация;Ленинградская Обл. п. Кудрово;улица Ленинградская;5;0;8;636;15
;188689;Российская Федерация;Ленинградская Обл. п. Кудрово;улица Ленинградская;5;0;8;637;16
;188689;Российская Федерация;Ленинградская Обл. п. Кудрово;улица Ленинградская;5;0;8;638;16
;188689;Российская Федерация;Ленинградская Обл. п. Кудрово;улица Ленинградская;5;0;8;639;16
;188689;Российская Федерация;Ленинградская Обл. п. Кудрово;улица Ленинградская;5;0;8;640;16
;188689;Российская Федерация;Ленинградская Обл. п. Кудрово;улица Ленинградская;5;0;8;641;17
;188689;Российская Федерация;Ленинградская Обл. п. Кудрово;улица Ленинградская;5;0;8;642;17
;188689;Российская Федерация;Ленинградская Обл. п. Кудрово;улица Ленинградская;5;0;8;643;17
;188689;Российская Федерация;Ленинградская Обл. п. Кудрово;улица Ленинградская;5;0;8;644;17
;188689;Российская Федерация;Ленинградская Обл. п. Кудрово;улица Ленинградская;5;0;9;645;1
;188689;Российская Федерация;Ленинградская Обл. п. Кудрово;улица Ленинградская;5;0;9;646;1
;188689;Российская Федерация;Ленинградская Обл. п. Кудрово;улица Ленинградская;5;0;9;647;1
;188689;Российская Федерация;Ленинградская Обл. п. Кудрово;улица Ленинградская;5;0;9;648;2
;188689;Российская Федерация;Ленинградская Обл. п. Кудрово;улица Ленинградская;5;0;9;649;2
;188689;Российская Федерация;Ленинградская Обл. п. Кудрово;улица Ленинградская;5;0;9;650;2
;188689;Российская Федерация;Ленинградская Обл. п. Кудрово;улица Ленинградская;5;0;9;651;2
;188689;Российская Федерация;Ленинградская Обл. п. Кудрово;улица Ленинградская;5;0;9;652;2
;188689;Российская Федерация;Ленинградская Обл. п. Кудрово;улица Ленинградская;5;0;9;653;2
;188689;Российская Федерация;Ленинградская Обл. п. Кудрово;улица Ленинградская;5;0;9;654;3
;188689;Российская Федерация;Ленинградская Обл. п. Кудрово;улица Ленинградская;5;0;9;655;3
;188689;Российская Федерация;Ленинградская Обл. п. Кудрово;улица Ленинградская;5;0;9;656;3
;188689;Российская Федерация;Ленинградская Обл. п. Кудрово;улица Ленинградская;5;0;9;657;3
;188689;Российская Федерация;Ленинградская Обл. п. Кудрово;улица Ленинградская;5;0;9;658;3
;188689;Российская Федерация;Ленинградская Обл. п. Кудрово;улица Ленинградская;5;0;9;659;3
;188689;Российская Федерация;Ленинградская Обл. п. Кудрово;улица Ленинградская;5;0;9;660;4
;188689;Российская Федерация;Ленинградская Обл. п. Кудрово;улица Ленинградская;5;0;9;661;4
;188689;Российская Федерация;Ленинградская Обл. п. Кудрово;улица Ленинградская;5;0;9;662;4
;188689;Российская Федерация;Ленинградская Обл. п. Кудрово;улица Ленинградская;5;0;9;663;4
;188689;Российская Федерация;Ленинградская Обл. п. Кудрово;улица Ленинградская;5;0;9;664;4
;188689;Российская Федерация;Ленинградская Обл. п. Кудрово;улица Ленинградская;5;0;9;665;4
;188689;Российская Федерация;Ленинградская Обл. п. Кудрово;улица Ленинградская;5;0;9;666;5
;188689;Российская Федерация;Ленинградская Обл. п. Кудрово;улица Ленинградская;5;0;9;667;5
;188689;Российская Федерация;Ленинградская Обл. п. Кудрово;улица Ленинградская;5;0;9;668;5
;188689;Российская Федерация;Ленинградская Обл. п. Кудрово;улица Ленинградская;5;0;9;669;5
;188689;Российская Федерация;Ленинградская Обл. п. Кудрово;улица Ленинградская;5;0;9;670;5
;188689;Российская Федерация;Ленинградская Обл. п. Кудрово;улица Ленинградская;5;0;9;671;5
;188689;Российская Федерация;Ленинградская Обл. п. Кудрово;улица Ленинградская;5;0;9;672;6
;188689;Российская Федерация;Ленинградская Обл. п. Кудрово;улица Ленинградская;5;0;9;673;6
;188689;Российская Федерация;Ленинградская Обл. п. Кудрово;улица Ленинградская;5;0;9;674;6
;188689;Российская Федерация;Ленинградская Обл. п. Кудрово;улица Ленинградская;5;0;9;675;6
;188689;Российская Федерация;Ленинградская Обл. п. Кудрово;улица Ленинградская;5;0;9;676;6
;188689;Российская Федерация;Ленинградская Обл. п. Кудрово;улица Ленинградская;5;0;9;677;6
;188689;Российская Федерация;Ленинградская Обл. п. Кудрово;улица Ленинградская;5;0;9;678;7
;188689;Российская Федерация;Ленинградская Обл. п. Кудрово;улица Ленинградская;5;0;9;679;7
;188689;Российская Федерация;Ленинградская Обл. п. Кудрово;улица Ленинградская;5;0;9;680;7
;188689;Российская Федерация;Ленинградская Обл. п. Кудрово;улица Ленинградская;5;0;9;681;7
;188689;Российская Федерация;Ленинградская Обл. п. Кудрово;улица Ленинградская;5;0;9;682;7
;188689;Российская Федерация;Ленинградская Обл. п. Кудрово;улица Ленинградская;5;0;9;683;7
;188689;Российская Федерация;Ленинградская Обл. п. Кудрово;улица Ленинградская;5;0;9;684;8
;188689;Российская Федерация;Ленинградская Обл. п. Кудрово;улица Ленинградская;5;0;9;685;8
;188689;Российская Федерация;Ленинградская Обл. п. Кудрово;улица Ленинградская;5;0;9;686;8
;188689;Российская Федерация;Ленинградская Обл. п. Кудрово;улица Ленинградская;5;0;9;687;8
;188689;Российская Федерация;Ленинградская Обл. п. Кудрово;улица Ленинградская;5;0;9;688;8
;188689;Российская Федерация;Ленинградская Обл. п. Кудрово;улица Ленинградская;5;0;9;689;8
;188689;Российская Федерация;Ленинградская Обл. п. Кудрово;улица Ленинградская;5;0;9;690;9
;188689;Российская Федерация;Ленинградская Обл. п. Кудрово;улица Ленинградская;5;0;9;691;9
;188689;Российская Федерация;Ленинградская Обл. п. Кудрово;улица Ленинградская;5;0;9;692;9
;188689;Российская Федерация;Ленинградская Обл. п. Кудрово;улица Ленинградская;5;0;9;693;9
;188689;Российская Федерация;Ленинградская Обл. п. Кудрово;улица Ленинградская;5;0;9;694;9
;188689;Российская Федерация;Ленинградская Обл. п. Кудрово;улица Ленинградская;5;0;9;695;9
;188689;Российская Федерация;Ленинградская Обл. п. Кудрово;улица Ленинградская;5;0;9;696;10
;188689;Российская Федерация;Ленинградская Обл. п. Кудрово;улица Ленинградская;5;0;9;697;10
;188689;Российская Федерация;Ленинградская Обл. п. Кудрово;улица Ленинградская;5;0;9;698;10
;188689;Российская Федерация;Ленинградская Обл. п. Кудрово;улица Ленинградская;5;0;9;699;10
;188689;Российская Федерация;Ленинградская Обл. п. Кудрово;улица Ленинградская;5;0;9;700;10
;188689;Российская Федерация;Ленинградская Обл. п. Кудрово;улица Ленинградская;5;0;9;701;10
;188689;Российская Федерация;Ленинградская Обл. п. Кудрово;улица Ленинградская;5;0;9;702;11
;188689;Российская Федерация;Ленинградская Обл. п. Кудрово;улица Ленинградская;5;0;9;703;11
;188689;Российская Федерация;Ленинградская Обл. п. Кудрово;улица Ленинградская;5;0;9;704;11
;188689;Российская Федерация;Ленинградская Обл. п. Кудрово;улица Ленинградская;5;0;9;705;11
;188689;Российская Федерация;Ленинградская Обл. п. Кудрово;улица Ленинградская;5;0;9;706;11
;188689;Российская Федерация;Ленинградская Обл. п. Кудрово;улица Ленинградская;5;0;9;707;11
;188689;Российская Федерация;Ленинградская Обл. п. Кудрово;улица Ленинградская;5;0;9;708;12
;188689;Российская Федерация;Ленинградская Обл. п. Кудрово;улица Ленинградская;5;0;9;709;12
;188689;Российская Федерация;Ленинградская Обл. п. Кудрово;улица Ленинградская;5;0;9;710;12
;188689;Российская Федерация;Ленинградская Обл. п. Кудрово;улица Ленинградская;5;0;9;711;12
;188689;Российская Федерация;Ленинградская Обл. п. Кудрово;улица Ленинградская;5;0;9;712;12
;188689;Российская Федерация;Ленинградская Обл. п. Кудрово;улица Ленинградская;5;0;9;713;12
;188689;Российская Федерация;Ленинградская Обл. п. Кудрово;улица Ленинградская;5;0;9;714;13
;188689;Российская Федерация;Ленинградская Обл. п. Кудрово;улица Ленинградская;5;0;9;715;13
;188689;Российская Федерация;Ленинградская Обл. п. Кудрово;улица Ленинградская;5;0;9;716;13
;188689;Российская Федерация;Ленинградская Обл. п. Кудрово;улица Ленинградская;5;0;9;717;13
;188689;Российская Федерация;Ленинградская Обл. п. Кудрово;улица Ленинградская;5;0;9;718;13
;188689;Российская Федерация;Ленинградская Обл. п. Кудрово;улица Ленинградская;5;0;9;719;13
;188689;Российская Федерация;Ленинградская Обл. п. Кудрово;улица Ленинградская;5;0;9;720;14
;188689;Российская Федерация;Ленинградская Обл. п. Кудрово;улица Ленинградская;5;0;9;721;14
;188689;Российская Федерация;Ленинградская Обл. п. Кудрово;улица Ленинградская;5;0;9;722;14
;188689;Российская Федерация;Ленинградская Обл. п. Кудрово;улица Ленинградская;5;0;9;723;14
;188689;Российская Федерация;Ленинградская Обл. п. Кудрово;улица Ленинградская;5;0;9;724;14
;188689;Российская Федерация;Ленинградская Обл. п. Кудрово;улица Ленинградская;5;0;9;725;14
;188689;Российская Федерация;Ленинградская Обл. п. Кудрово;улица Ленинградская;5;0;9;726;15
;188689;Российская Федерация;Ленинградская Обл. п. Кудрово;улица Ленинградская;5;0;9;727;15
;188689;Российская Федерация;Ленинградская Обл. п. Кудрово;улица Ленинградская;5;0;9;728;15
;188689;Российская Федерация;Ленинградская Обл. п. Кудрово;улица Ленинградская;5;0;9;729;15
;188689;Российская Федерация;Ленинградская Обл. п. Кудрово;улица Ленинградская;5;0;9;730;15
;188689;Российская Федерация;Ленинградская Обл. п. Кудрово;улица Ленинградская;5;0;9;731;15
;188689;Российская Федерация;Ленинградская Обл. п. Кудрово;улица Ленинградская;5;0;9;732;16
;188689;Российская Федерация;Ленинградская Обл. п. Кудрово;улица Ленинградская;5;0;9;733;16
;188689;Российская Федерация;Ленинградская Обл. п. Кудрово;улица Ленинградская;5;0;9;734;16
;188689;Российская Федерация;Ленинградская Обл. п. Кудрово;улица Ленинградская;5;0;9;735;16
;188689;Российская Федерация;Ленинградская Обл. п. Кудрово;улица Ленинградская;5;0;9;736;16
;188689;Российская Федерация;Ленинградская Обл. п. Кудрово;улица Ленинградская;5;0;9;737;16
;188689;Российская Федерация;Ленинградская Обл. п. Кудрово;улица Ленинградская;5;0;9;738;17
;188689;Российская Федерация;Ленинградская Обл. п. Кудрово;улица Ленинградская;5;0;9;739;17
;188689;Российская Федерация;Ленинградская Обл. п. Кудрово;улица Ленинградская;5;0;9;740;17
;188689;Российская Федерация;Ленинградская Обл. п. Кудрово;улица Ленинградская;5;0;9;741;17
;188689;Российская Федерация;Ленинградская Обл. п. Кудрово;улица Ленинградская;5;0;9;742;17
;188689;Российская Федерация;Ленинградская Обл. п. Кудрово;улица Ленинградская;5;0;9;743;17
;188689;Российская Федерация;Ленинградская Обл. п. Кудрово;улица Ленинградская;5;0;10;744;1
;188689;Российская Федерация;Ленинградская Обл. п. Кудрово;улица Ленинградская;5;0;10;745;1
;188689;Российская Федерация;Ленинградская Обл. п. Кудрово;улица Ленинградская;5;0;10;746;1
;188689;Российская Федерация;Ленинградская Обл. п. Кудрово;улица Ленинградская;5;0;10;747;1
;188689;Российская Федерация;Ленинградская Обл. п. Кудрово;улица Ленинградская;5;0;10;748;1
;188689;Российская Федерация;Ленинградская Обл. п. Кудрово;улица Ленинградская;5;0;10;749;2
;188689;Российская Федерация;Ленинградская Обл. п. Кудрово;улица Ленинградская;5;0;10;750;2
;188689;Российская Федерация;Ленинградская Обл. п. Кудрово;улица Ленинградская;5;0;10;751;2
;188689;Российская Федерация;Ленинградская Обл. п. Кудрово;улица Ленинградская;5;0;10;752;2
;188689;Российская Федерация;Ленинградская Обл. п. Кудрово;улица Ленинградская;5;0;10;753;2
;188689;Российская Федерация;Ленинградская Обл. п. Кудрово;улица Ленинградская;5;0;10;754;2
;188689;Российская Федерация;Ленинградская Обл. п. Кудрово;улица Ленинградская;5;0;10;755;2
;188689;Российская Федерация;Ленинградская Обл. п. Кудрово;улица Ленинградская;5;0;10;756;3
;188689;Российская Федерация;Ленинградская Обл. п. Кудрово;улица Ленинградская;5;0;10;757;3
;188689;Российская Федерация;Ленинградская Обл. п. Кудрово;улица Ленинградская;5;0;10;758;3
;188689;Российская Федерация;Ленинградская Обл. п. Кудрово;улица Ленинградская;5;0;10;759;3
;188689;Российская Федерация;Ленинградская Обл. п. Кудрово;улица Ленинградская;5;0;10;760;3
;188689;Российская Федерация;Ленинградская Обл. п. Кудрово;улица Ленинградская;5;0;10;761;3
;188689;Российская Федерация;Ленинградская Обл. п. Кудрово;улица Ленинградская;5;0;10;762;3
;188689;Российская Федерация;Ленинградская Обл. п. Кудрово;улица Ленинградская;5;0;10;763;3
;188689;Российская Федерация;Ленинградская Обл. п. Кудрово;улица Ленинградская;5;0;10;764;4
;188689;Российская Федерация;Ленинградская Обл. п. Кудрово;улица Ленинградская;5;0;10;765;4
;188689;Российская Федерация;Ленинградская Обл. п. Кудрово;улица Ленинградская;5;0;10;766;4
;188689;Российская Федерация;Ленинградская Обл. п. Кудрово;улица Ленинградская;5;0;10;767;4
;188689;Российская Федерация;Ленинградская Обл. п. Кудрово;улица Ленинградская;5;0;10;768;4
;188689;Российская Федерация;Ленинградская Обл. п. Кудрово;улица Ленинградская;5;0;10;769;4
;188689;Российская Федерация;Ленинградская Обл. п. Кудрово;улица Ленинградская;5;0;10;770;4
;188689;Российская Федерация;Ленинградская Обл. п. Кудрово;улица Ленинградская;5;0;10;771;4
;188689;Российская Федерация;Ленинградская Обл. п. Кудрово;улица Ленинградская;5;0;10;772;5
;188689;Российская Федерация;Ленинградская Обл. п. Кудрово;улица Ленинградская;5;0;10;773;5
;188689;Российская Федерация;Ленинградская Обл. п. Кудрово;улица Ленинградская;5;0;10;774;5
;188689;Российская Федерация;Ленинградская Обл. п. Кудрово;улица Ленинградская;5;0;10;775;5
;188689;Российская Федерация;Ленинградская Обл. п. Кудрово;улица Ленинградская;5;0;10;776;5
;188689;Российская Федерация;Ленинградская Обл. п. Кудрово;улица Ленинградская;5;0;10;777;5
;188689;Российская Федерация;Ленинградская Обл. п. Кудрово;улица Ленинградская;5;0;10;778;5
;188689;Российская Федерация;Ленинградская Обл. п. Кудрово;улица Ленинградская;5;0;10;779;5
;188689;Российская Федерация;Ленинградская Обл. п. Кудрово;улица Ленинградская;5;0;10;780;6
;188689;Российская Федерация;Ленинградская Обл. п. Кудрово;улица Ленинградская;5;0;10;781;6
;188689;Российская Федерация;Ленинградская Обл. п. Кудрово;улица Ленинградская;5;0;10;782;6
;188689;Российская Федерация;Ленинградская Обл. п. Кудрово;улица Ленинградская;5;0;10;783;6
;188689;Российская Федерация;Ленинградская Обл. п. Кудрово;улица Ленинградская;5;0;10;784;6
;188689;Российская Федерация;Ленинградская Обл. п. Кудрово;улица Ленинградская;5;0;10;785;6
;188689;Российская Федерация;Ленинградская Обл. п. Кудрово;улица Ленинградская;5;0;10;786;6
;188689;Российская Федерация;Ленинградская Обл. п. Кудрово;улица Ленинградская;5;0;10;787;6
;188689;Российская Федерация;Ленинградская Обл. п. Кудрово;улица Ленинградская;5;0;10;788;7
;188689;Российская Федерация;Ленинградская Обл. п. Кудрово;улица Ленинградская;5;0;10;789;7
;188689;Российская Федерация;Ленинградская Обл. п. Кудрово;улица Ленинградская;5;0;10;790;7
;188689;Российская Федерация;Ленинградская Обл. п. Кудрово;улица Ленинградская;5;0;10;791;7
;188689;Российская Федерация;Ленинградская Обл. п. Кудрово;улица Ленинградская;5;0;10;792;7
;188689;Российская Федерация;Ленинградская Обл. п. Кудрово;улица Ленинградская;5;0;10;793;7
;188689;Российская Федерация;Ленинградская Обл. п. Кудрово;улица Ленинградская;5;0;10;794;7
;188689;Российская Федерация;Ленинградская Обл. п. Кудрово;улица Ленинградская;5;0;10;795;7
;188689;Российская Федерация;Ленинградская Обл. п. Кудрово;улица Ленинградская;5;0;10;796;8
;188689;Российская Федерация;Ленинградская Обл. п. Кудрово;улица Ленинградская;5;0;10;797;8
;188689;Российская Федерация;Ленинградская Обл. п. Кудрово;улица Ленинградская;5;0;10;798;8
;188689;Российская Федерация;Ленинградская Обл. п. Кудрово;улица Ленинградская;5;0;10;799;8
;188689;Российская Федерация;Ленинградская Обл. п. Кудрово;улица Ленинградская;5;0;10;800;8
;188689;Российская Федерация;Ленинградская Обл. п. Кудрово;улица Ленинградская;5;0;10;801;8
;188689;Российская Федерация;Ленинградская Обл. п. Кудрово;улица Ленинградская;5;0;10;802;8
;188689;Российская Федерация;Ленинградская Обл. п. Кудрово;улица Ленинградская;5;0;10;803;8
;188689;Российская Федерация;Ленинградская Обл. п. Кудрово;улица Ленинградская;5;0;10;804;9
;188689;Российская Федерация;Ленинградская Обл. п. Кудрово;улица Ленинградская;5;0;10;805;9
;188689;Российская Федерация;Ленинградская Обл. п. Кудрово;улица Ленинградская;5;0;10;806;9
;188689;Российская Федерация;Ленинградская Обл. п. Кудрово;улица Ленинградская;5;0;10;807;9
;188689;Российская Федерация;Ленинградская Обл. п. Кудрово;улица Ленинградская;5;0;10;808;9
;188689;Российская Федерация;Ленинградская Обл. п. Кудрово;улица Ленинградская;5;0;10;809;9
;188689;Российская Федерация;Ленинградская Обл. п. Кудрово;улица Ленинградская;5;0;10;810;9
;188689;Российская Федерация;Ленинградская Обл. п. Кудрово;улица Ленинградская;5;0;10;811;9
;188689;Российская Федерация;Ленинградская Обл. п. Кудрово;улица Ленинградская;5;0;10;812;10
;188689;Российская Федерация;Ленинградская Обл. п. Кудрово;улица Ленинградская;5;0;10;813;10
;188689;Российская Федерация;Ленинградская Обл. п. Кудрово;улица Ленинградская;5;0;10;814;10
;188689;Российская Федерация;Ленинградская Обл. п. Кудрово;улица Ленинградская;5;0;10;815;10
;188689;Российская Федерация;Ленинградская Обл. п. Кудрово;улица Ленинградская;5;0;10;816;10
;188689;Российская Федерация;Ленинградская Обл. п. Кудрово;улица Ленинградская;5;0;10;817;10
;188689;Российская Федерация;Ленинградская Обл. п. Кудрово;улица Ленинградская;5;0;10;818;10
;188689;Российская Федерация;Ленинградская Обл. п. Кудрово;улица Ленинградская;5;0;10;819;10
;188689;Российская Федерация;Ленинградская Обл. п. Кудрово;улица Ленинградская;5;0;10;820;11
;188689;Российская Федерация;Ленинградская Обл. п. Кудрово;улица Ленинградская;5;0;10;821;11
;188689;Российская Федерация;Ленинградская Обл. п. Кудрово;улица Ленинградская;5;0;10;822;11
;188689;Российская Федерация;Ленинградская Обл. п. Кудрово;улица Ленинградская;5;0;10;823;11
;188689;Российская Федерация;Ленинградская Обл. п. Кудрово;улица Ленинградская;5;0;10;824;11
;188689;Российская Федерация;Ленинградская Обл. п. Кудрово;улица Ленинградская;5;0;10;825;11
;188689;Российская Федерация;Ленинградская Обл. п. Кудрово;улица Ленинградская;5;0;10;826;11
;188689;Российская Федерация;Ленинградская Обл. п. Кудрово;улица Ленинградская;5;0;10;827;11
;188689;Российская Федерация;Ленинградская Обл. п. Кудрово;улица Ленинградская;5;0;10;828;12
;188689;Российская Федерация;Ленинградская Обл. п. Кудрово;улица Ленинградская;5;0;10;829;12
;188689;Российская Федерация;Ленинградская Обл. п. Кудрово;улица Ленинградская;5;0;10;830;12
;188689;Российская Федерация;Ленинградская Обл. п. Кудрово;улица Ленинградская;5;0;10;831;12
;188689;Российская Федерация;Ленинградская Обл. п. Кудрово;улица Ленинградская;5;0;10;832;12
;188689;Российская Федерация;Ленинградская Обл. п. Кудрово;улица Ленинградская;5;0;10;833;12
;188689;Российская Федерация;Ленинградская Обл. п. Кудрово;улица Ленинградская;5;0;10;834;12
;188689;Российская Федерация;Ленинградская Обл. п. Кудрово;улица Ленинградская;5;0;10;835;12
;188689;Российская Федерация;Ленинградская Обл. п. Кудрово;улица Ленинградская;5;0;10;836;13
;188689;Российская Федерация;Ленинградская Обл. п. Кудрово;улица Ленинградская;5;0;10;837;13
;188689;Российская Федерация;Ленинградская Обл. п. Кудрово;улица Ленинградская;5;0;10;838;13
;188689;Российская Федерация;Ленинградская Обл. п. Кудрово;улица Ленинградская;5;0;10;839;13
;188689;Российская Федерация;Ленинградская Обл. п. Кудрово;улица Ленинградская;5;0;10;840;13
;188689;Российская Федерация;Ленинградская Обл. п. Кудрово;улица Ленинградская;5;0;10;841;13
;188689;Российская Федерация;Ленинградская Обл. п. Кудрово;улица Ленинградская;5;0;10;842;13
;188689;Российская Федерация;Ленинградская Обл. п. Кудрово;улица Ленинградская;5;0;10;843;13
;188689;Российская Федерация;Ленинградская Обл. п. Кудрово;улица Ленинградская;5;0;10;844;14
;188689;Российская Федерация;Ленинградская Обл. п. Кудрово;улица Ленинградская;5;0;10;845;14
;188689;Российская Федерация;Ленинградская Обл. п. Кудрово;улица Ленинградская;5;0;10;846;14
;188689;Российская Федерация;Ленинградская Обл. п. Кудрово;улица Ленинградская;5;0;10;847;14
;188689;Российская Федерация;Ленинградская Обл. п. Кудрово;улица Ленинградская;5;0;10;848;14
;188689;Российская Федерация;Ленинградская Обл. п. Кудрово;улица Ленинградская;5;0;10;849;14
;188689;Российская Федерация;Ленинградская Обл. п. Кудрово;улица Ленинградская;5;0;10;850;14
;188689;Российская Федерация;Ленинградская Обл. п. Кудрово;улица Ленинградская;5;0;10;851;14
